<?xml version='1.0' encoding='UTF-8'?>
<?artifactRepository version='1.1.0'?>
<repository name='Bundle pool' type='org.eclipse.equinox.p2.artifact.repository.simpleRepository' version='1'>
  <properties size='2'>
    <property name='p2.system' value='true'/>
    <property name='p2.timestamp' value='1648355686799'/>
  </properties>
  <mappings size='3'>
    <rule filter='(&amp; (classifier=osgi.bundle))' output='${repoUrl}/plugins/${id}_${version}.jar'/>
    <rule filter='(&amp; (classifier=binary))' output='${repoUrl}/binary/${id}_${version}'/>
    <rule filter='(&amp; (classifier=org.eclipse.update.feature))' output='${repoUrl}/features/${id}_${version}.jar'/>
  </mappings>
  <artifacts size='106'>
    <artifact classifier='osgi.bundle' id='org.apache.batik.constants' version='1.14.0.v20210324-0332'>
      <properties size='1'>
        <property name='download.size' value='20827'/>
      </properties>
    </artifact>
    <artifact classifier='org.eclipse.update.feature' id='org.eclipse.emf.common' version='2.25.0.v20220123-0838'>
      <properties size='1'>
        <property name='download.size' value='19531'/>
      </properties>
      <repositoryProperties size='1'>
        <property name='artifact.folder' value='true'/>
      </repositoryProperties>
    </artifact>
    <artifact classifier='osgi.bundle' id='org.eclipse.e4.ui.workbench.addons.swt' version='1.4.400.v20211102-0453'>
      <properties size='1'>
        <property name='download.size' value='120980'/>
      </properties>
    </artifact>
    <artifact classifier='osgi.bundle' id='org.eclipse.e4.core.contexts' version='1.9.100.v20211011-1349'>
      <properties size='1'>
        <property name='download.size' value='56455'/>
      </properties>
    </artifact>
    <artifact classifier='osgi.bundle' id='org.eclipse.core.databinding.property' version='1.9.0.v20210619-1129'>
      <properties size='1'>
        <property name='download.size' value='166992'/>
      </properties>
    </artifact>
    <artifact classifier='osgi.bundle' id='org.eclipse.equinox.launcher' version='1.6.400.v20210924-0641'>
      <properties size='1'>
        <property name='download.size' value='53913'/>
      </properties>
    </artifact>
    <artifact classifier='osgi.bundle' id='org.eclipse.e4.core.services' version='2.3.100.v20210910-0640'>
      <properties size='1'>
        <property name='download.size' value='71326'/>
      </properties>
    </artifact>
    <artifact classifier='osgi.bundle' id='org.eclipse.core.variables' version='3.5.100.v20210721-1355'>
      <properties size='1'>
        <property name='download.size' value='36495'/>
      </properties>
    </artifact>
    <artifact classifier='osgi.bundle' id='org.apache.batik.i18n' version='1.14.0.v20210324-0332'>
      <properties size='1'>
        <property name='download.size' value='24069'/>
      </properties>
    </artifact>
    <artifact classifier='osgi.bundle' id='org.eclipse.rcp' version='4.23.0.v20220308-0310'>
      <properties size='1'>
        <property name='download.size' value='11373'/>
      </properties>
    </artifact>
    <artifact classifier='osgi.bundle' id='org.apache.commons.logging' version='1.2.0.v20180409-1502'>
      <properties size='1'>
        <property name='download.size' value='73163'/>
      </properties>
    </artifact>
    <artifact classifier='osgi.bundle' id='org.apache.felix.gogo.runtime' version='1.1.4.v20210111-1007'>
      <properties size='1'>
        <property name='download.size' value='225008'/>
      </properties>
    </artifact>
    <artifact classifier='osgi.bundle' id='org.eclipse.e4.ui.dialogs' version='1.3.200.v20211210-1500'>
      <properties size='1'>
        <property name='download.size' value='58087'/>
      </properties>
    </artifact>
    <artifact classifier='osgi.bundle' id='org.eclipse.core.databinding' version='1.11.0.v20220118-1028'>
      <properties size='1'>
        <property name='download.size' value='294720'/>
      </properties>
    </artifact>
    <artifact classifier='osgi.bundle' id='org.eclipse.e4.ui.workbench3' version='0.16.0.v20210619-0956'>
      <properties size='1'>
        <property name='download.size' value='21589'/>
      </properties>
    </artifact>
    <artifact classifier='osgi.bundle' id='org.eclipse.e4.ui.di' version='1.4.0.v20210621-1133'>
      <properties size='1'>
        <property name='download.size' value='16799'/>
      </properties>
    </artifact>
    <artifact classifier='osgi.bundle' id='org.eclipse.e4.ui.bindings' version='0.13.100.v20210722-1426'>
      <properties size='1'>
        <property name='download.size' value='46949'/>
      </properties>
    </artifact>
    <artifact classifier='osgi.bundle' id='org.w3c.dom.svg' version='1.1.0.v201011041433'>
      <properties size='1'>
        <property name='download.size' value='97545'/>
      </properties>
    </artifact>
    <artifact classifier='osgi.bundle' id='org.eclipse.core.runtime' version='3.24.100.v20220211-2001'>
      <properties size='1'>
        <property name='download.size' value='72501'/>
      </properties>
    </artifact>
    <artifact classifier='org.eclipse.update.feature' id='org.eclipse.rcp' version='4.23.0.v20220308-0722'>
      <properties size='1'>
        <property name='download.size' value='19607'/>
      </properties>
      <repositoryProperties size='1'>
        <property name='artifact.folder' value='true'/>
      </repositoryProperties>
    </artifact>
    <artifact classifier='osgi.bundle' id='org.apache.felix.scr' version='2.1.24.v20200924-1939'>
      <properties size='1'>
        <property name='download.size' value='421820'/>
      </properties>
    </artifact>
    <artifact classifier='osgi.bundle' id='org.eclipse.e4.emf.xpath' version='0.3.0.v20210722-1426'>
      <properties size='1'>
        <property name='download.size' value='52257'/>
      </properties>
    </artifact>
    <artifact classifier='osgi.bundle' id='org.eclipse.osgi' version='3.17.200.v20220215-2237'>
      <properties size='1'>
        <property name='download.size' value='1528289'/>
      </properties>
    </artifact>
    <artifact classifier='osgi.bundle' id='org.apache.httpcomponents.httpcore' version='4.4.15.v20220209-2345'>
      <properties size='1'>
        <property name='download.size' value='363236'/>
      </properties>
    </artifact>
    <artifact classifier='osgi.bundle' id='org.eclipse.emf.ecore.xmi' version='2.16.0.v20190528-0725'>
      <properties size='1'>
        <property name='download.size' value='235065'/>
      </properties>
    </artifact>
    <artifact classifier='osgi.bundle' id='org.eclipse.core.commands' version='3.10.100.v20210722-1426'>
      <properties size='1'>
        <property name='download.size' value='117312'/>
      </properties>
    </artifact>
    <artifact classifier='osgi.bundle' id='org.eclipse.e4.core.di.extensions.supplier' version='0.16.200.v20210910-0640'>
      <properties size='1'>
        <property name='download.size' value='41434'/>
      </properties>
    </artifact>
    <artifact classifier='osgi.bundle' id='org.eclipse.e4.ui.services' version='1.5.0.v20210115-1333'>
      <properties size='1'>
        <property name='download.size' value='24897'/>
      </properties>
    </artifact>
    <artifact classifier='org.eclipse.update.feature' id='scouter.client.feature' version='1.0.0.202203270434'>
      <properties size='1'>
        <property name='download.size' value='1188'/>
      </properties>
      <repositoryProperties size='1'>
        <property name='artifact.folder' value='true'/>
      </repositoryProperties>
    </artifact>
    <artifact classifier='osgi.bundle' id='org.eclipse.e4.ui.css.swt' version='0.14.400.v20211026-1534'>
      <properties size='1'>
        <property name='download.size' value='208801'/>
      </properties>
    </artifact>
    <artifact classifier='osgi.bundle' id='org.apache.felix.gogo.command' version='1.1.2.v20210111-1007'>
      <properties size='1'>
        <property name='download.size' value='53843'/>
      </properties>
    </artifact>
    <artifact classifier='osgi.bundle' id='org.apache.commons.jxpath' version='1.3.0.v200911051830'>
      <properties size='1'>
        <property name='download.size' value='315491'/>
      </properties>
    </artifact>
    <artifact classifier='osgi.bundle' id='org.eclipse.help' version='3.9.100.v20210721-0601'>
      <properties size='1'>
        <property name='download.size' value='276732'/>
      </properties>
    </artifact>
    <artifact classifier='osgi.bundle' id='org.eclipse.osgi.services' version='3.10.200.v20210723-0643'>
      <properties size='1'>
        <property name='download.size' value='129436'/>
      </properties>
    </artifact>
    <artifact classifier='osgi.bundle' id='com.sun.jna' version='5.8.0.v20210503-0343'>
      <properties size='1'>
        <property name='download.size' value='1766078'/>
      </properties>
    </artifact>
    <artifact classifier='osgi.bundle' id='org.eclipse.osgi.compatibility.state' version='1.2.600.v20220207-1403'>
      <properties size='1'>
        <property name='download.size' value='255385'/>
      </properties>
    </artifact>
    <artifact classifier='osgi.bundle' id='org.eclipse.ui.workbench' version='3.125.0.v20220308-0722'>
      <properties size='1'>
        <property name='download.size' value='3657128'/>
      </properties>
    </artifact>
    <artifact classifier='osgi.bundle' id='org.eclipse.e4.core.commands' version='1.0.100.v20211204-1536'>
      <properties size='1'>
        <property name='download.size' value='26546'/>
      </properties>
    </artifact>
    <artifact classifier='osgi.bundle' id='org.eclipse.jface' version='3.25.0.v20220218-1636'>
      <properties size='1'>
        <property name='download.size' value='1163276'/>
      </properties>
    </artifact>
    <artifact classifier='osgi.bundle' id='org.eclipse.equinox.event' version='1.6.100.v20211021-1418'>
      <properties size='1'>
        <property name='download.size' value='34132'/>
      </properties>
    </artifact>
    <artifact classifier='osgi.bundle' id='org.eclipse.jface.text' version='3.20.0.v20220218-1549'>
      <properties size='1'>
        <property name='download.size' value='1083901'/>
      </properties>
    </artifact>
    <artifact classifier='osgi.bundle' id='org.eclipse.e4.ui.workbench' version='1.13.100.v20211019-0756'>
      <properties size='1'>
        <property name='download.size' value='266625'/>
      </properties>
    </artifact>
    <artifact classifier='osgi.bundle' id='org.eclipse.osgi.util' version='3.6.100.v20210723-1119'>
      <properties size='1'>
        <property name='download.size' value='74449'/>
      </properties>
    </artifact>
    <artifact classifier='osgi.bundle' id='org.eclipse.equinox.launcher.win32.win32.x86_64' version='1.2.400.v20211117-0650'>
      <properties size='1'>
        <property name='download.size' value='135660'/>
      </properties>
      <repositoryProperties size='1'>
        <property name='artifact.folder' value='true'/>
      </repositoryProperties>
    </artifact>
    <artifact classifier='osgi.bundle' id='org.apache.felix.gogo.shell' version='1.1.4.v20210111-1007'>
      <properties size='1'>
        <property name='download.size' value='71000'/>
      </properties>
    </artifact>
    <artifact classifier='osgi.bundle' id='org.eclipse.e4.core.di.annotations' version='1.7.100.v20210910-0640'>
      <properties size='1'>
        <property name='download.size' value='12285'/>
      </properties>
    </artifact>
    <artifact classifier='osgi.bundle' id='org.eclipse.e4.ui.workbench.renderers.swt' version='0.15.400.v20220308-0630'>
      <properties size='1'>
        <property name='download.size' value='257642'/>
      </properties>
    </artifact>
    <artifact classifier='osgi.bundle' id='org.eclipse.emf.common' version='2.24.0.v20220123-0838'>
      <properties size='1'>
        <property name='download.size' value='376354'/>
      </properties>
    </artifact>
    <artifact classifier='osgi.bundle' id='org.eclipse.core.contenttype' version='3.8.100.v20210910-0640'>
      <properties size='1'>
        <property name='download.size' value='102416'/>
      </properties>
    </artifact>
    <artifact classifier='osgi.bundle' id='org.eclipse.ui' version='3.201.0.v20220124-1108'>
      <properties size='1'>
        <property name='download.size' value='442929'/>
      </properties>
    </artifact>
    <artifact classifier='osgi.bundle' id='org.eclipse.core.databinding.beans' version='1.8.0.v20210619-1111'>
      <properties size='1'>
        <property name='download.size' value='95149'/>
      </properties>
    </artifact>
    <artifact classifier='osgi.bundle' id='org.eclipse.debug.core' version='3.19.0.v20220125-2302'>
      <properties size='1'>
        <property name='download.size' value='406246'/>
      </properties>
    </artifact>
    <artifact classifier='osgi.bundle' id='org.eclipse.text' version='3.12.0.v20210512-1644'>
      <properties size='1'>
        <property name='download.size' value='295378'/>
      </properties>
    </artifact>
    <artifact classifier='osgi.bundle' id='scouter.client' version='1.0.0.202203270434'>
      <properties size='1'>
        <property name='download.size' value='9689988'/>
      </properties>
    </artifact>
    <artifact classifier='osgi.bundle' id='javax.servlet' version='3.0.0.v201112011016'>
      <properties size='1'>
        <property name='download.size' value='200993'/>
      </properties>
    </artifact>
    <artifact classifier='osgi.bundle' id='org.eclipse.e4.core.di' version='1.8.100.v20210910-0640'>
      <properties size='1'>
        <property name='download.size' value='53744'/>
      </properties>
    </artifact>
    <artifact classifier='osgi.bundle' id='org.w3c.dom.events' version='3.0.0.draft20060413_v201105210656'>
      <properties size='1'>
        <property name='download.size' value='15720'/>
      </properties>
    </artifact>
    <artifact classifier='osgi.bundle' id='org.apache.xmlgraphics' version='2.6.0.v20210409-0748'>
      <properties size='1'>
        <property name='download.size' value='720699'/>
      </properties>
    </artifact>
    <artifact classifier='osgi.bundle' id='org.eclipse.swt' version='3.119.0.v20220223-1102'>
      <properties size='1'>
        <property name='download.size' value='17380'/>
      </properties>
    </artifact>
    <artifact classifier='osgi.bundle' id='org.eclipse.compare.core' version='3.6.1000.v20201020-1107'>
      <properties size='1'>
        <property name='download.size' value='68028'/>
      </properties>
    </artifact>
    <artifact classifier='osgi.bundle' id='org.apache.batik.util' version='1.14.0.v20210324-0332'>
      <properties size='1'>
        <property name='download.size' value='147801'/>
      </properties>
    </artifact>
    <artifact classifier='osgi.bundle' id='org.eclipse.e4.ui.workbench.swt' version='0.16.400.v20220222-1128'>
      <properties size='1'>
        <property name='download.size' value='150694'/>
      </properties>
    </artifact>
    <artifact classifier='osgi.bundle' id='org.eclipse.equinox.app' version='1.6.100.v20211021-1418'>
      <properties size='1'>
        <property name='download.size' value='91280'/>
      </properties>
    </artifact>
    <artifact classifier='osgi.bundle' id='org.eclipse.equinox.simpleconfigurator' version='1.4.0.v20210315-2228'>
      <properties size='1'>
        <property name='download.size' value='46575'/>
      </properties>
    </artifact>
    <artifact classifier='osgi.bundle' id='org.eclipse.equinox.bidi' version='1.4.100.v20211021-1418'>
      <properties size='1'>
        <property name='download.size' value='51956'/>
      </properties>
    </artifact>
    <artifact classifier='osgi.bundle' id='org.apache.commons.io' version='2.8.0.v20210415-0900'>
      <properties size='1'>
        <property name='download.size' value='309789'/>
      </properties>
    </artifact>
    <artifact classifier='osgi.bundle' id='org.eclipse.equinox.console' version='1.4.500.v20211021-1418'>
      <properties size='1'>
        <property name='download.size' value='132109'/>
      </properties>
    </artifact>
    <artifact classifier='osgi.bundle' id='javax.annotation' version='1.3.5.v20200909-1856'>
      <properties size='1'>
        <property name='download.size' value='47385'/>
      </properties>
    </artifact>
    <artifact classifier='org.eclipse.update.feature' id='org.eclipse.e4.rcp' version='4.23.0.v20220308-0630'>
      <properties size='1'>
        <property name='download.size' value='21452'/>
      </properties>
      <repositoryProperties size='1'>
        <property name='artifact.folder' value='true'/>
      </repositoryProperties>
    </artifact>
    <artifact classifier='osgi.bundle' id='org.eclipse.equinox.common' version='3.16.0.v20220211-2322'>
      <properties size='1'>
        <property name='download.size' value='147961'/>
      </properties>
    </artifact>
    <artifact classifier='osgi.bundle' id='org.eclipse.e4.ui.widgets' version='1.3.0.v20210621-1136'>
      <properties size='1'>
        <property name='download.size' value='13615'/>
      </properties>
    </artifact>
    <artifact classifier='osgi.bundle' id='org.eclipse.emf.ecore.change' version='2.14.0.v20190528-0725'>
      <properties size='1'>
        <property name='download.size' value='89644'/>
      </properties>
    </artifact>
    <artifact classifier='osgi.bundle' id='org.eclipse.jface.notifications' version='0.4.0.v20211004-0555'>
      <properties size='1'>
        <property name='download.size' value='30656'/>
      </properties>
    </artifact>
    <artifact classifier='osgi.bundle' id='com.sun.jna.platform' version='5.8.0.v20210406-1004'>
      <properties size='1'>
        <property name='download.size' value='1478973'/>
      </properties>
    </artifact>
    <artifact classifier='osgi.bundle' id='org.eclipse.e4.core.di.extensions' version='0.17.100.v20210910-0640'>
      <properties size='1'>
        <property name='download.size' value='11405'/>
      </properties>
    </artifact>
    <artifact classifier='osgi.bundle' id='org.eclipse.core.resources' version='3.16.100.v20220214-1012'>
      <properties size='1'>
        <property name='download.size' value='902115'/>
      </properties>
    </artifact>
    <artifact classifier='osgi.bundle' id='org.eclipse.zest.layouts' version='1.1.300.201606061308'>
      <properties size='1'>
        <property name='download.size' value='133142'/>
      </properties>
    </artifact>
    <artifact classifier='osgi.bundle' id='org.apache.commons.codec' version='1.14.0.v20200818-1422'>
      <properties size='1'>
        <property name='download.size' value='376432'/>
      </properties>
    </artifact>
    <artifact classifier='osgi.bundle' id='org.eclipse.swt.win32.win32.x86_64' version='3.119.0.v20220223-1102'>
      <properties size='1'>
        <property name='download.size' value='2586536'/>
      </properties>
    </artifact>
    <artifact classifier='osgi.bundle' id='org.w3c.dom.smil' version='1.0.1.v200903091627'>
      <properties size='1'>
        <property name='download.size' value='20106'/>
      </properties>
    </artifact>
    <artifact classifier='org.eclipse.update.feature' id='org.eclipse.draw2d' version='3.10.100.201606061308'>
      <properties size='1'>
        <property name='download.size' value='19981'/>
      </properties>
      <repositoryProperties size='1'>
        <property name='artifact.folder' value='true'/>
      </repositoryProperties>
    </artifact>
    <artifact classifier='org.eclipse.update.feature' id='org.eclipse.emf.ecore' version='2.27.0.v20220123-0838'>
      <properties size='1'>
        <property name='download.size' value='19596'/>
      </properties>
      <repositoryProperties size='1'>
        <property name='artifact.folder' value='true'/>
      </repositoryProperties>
    </artifact>
    <artifact classifier='osgi.bundle' id='org.eclipse.core.expressions' version='3.8.100.v20210910-0640'>
      <properties size='1'>
        <property name='download.size' value='94334'/>
      </properties>
    </artifact>
    <artifact classifier='osgi.bundle' id='javax.inject' version='1.0.0.v20091030'>
      <properties size='1'>
        <property name='download.size' value='14411'/>
      </properties>
    </artifact>
    <artifact classifier='osgi.bundle' id='org.eclipse.core.jobs' version='3.12.100.v20220120-1329'>
      <properties size='1'>
        <property name='download.size' value='110846'/>
      </properties>
    </artifact>
    <artifact classifier='osgi.bundle' id='org.eclipse.e4.ui.model.workbench' version='2.2.0.v20210727-1533'>
      <properties size='1'>
        <property name='download.size' value='404208'/>
      </properties>
    </artifact>
    <artifact classifier='osgi.bundle' id='org.eclipse.urischeme' version='1.2.100.v20211001-1648'>
      <properties size='1'>
        <property name='download.size' value='53150'/>
      </properties>
    </artifact>
    <artifact classifier='osgi.bundle' id='com.ibm.icu' version='67.1.0.v20200706-1749'>
      <properties size='1'>
        <property name='download.size' value='13569732'/>
      </properties>
    </artifact>
    <artifact classifier='osgi.bundle' id='org.eclipse.core.databinding.observable' version='1.12.0.v20211231-1006'>
      <properties size='1'>
        <property name='download.size' value='320507'/>
      </properties>
    </artifact>
    <artifact classifier='osgi.bundle' id='org.eclipse.emf.ecore' version='2.26.0.v20220123-0838'>
      <properties size='1'>
        <property name='download.size' value='1321648'/>
      </properties>
    </artifact>
    <artifact classifier='osgi.bundle' id='org.eclipse.jface.databinding' version='1.13.0.v20210619-1146'>
      <properties size='1'>
        <property name='download.size' value='302447'/>
      </properties>
    </artifact>
    <artifact classifier='osgi.bundle' id='org.eclipse.zest.core' version='1.5.300.201606061308'>
      <properties size='1'>
        <property name='download.size' value='150762'/>
      </properties>
    </artifact>
    <artifact classifier='osgi.bundle' id='org.eclipse.e4.ui.css.swt.theme' version='0.13.0.v20201026-1147'>
      <properties size='1'>
        <property name='download.size' value='28387'/>
      </properties>
    </artifact>
    <artifact classifier='osgi.bundle' id='org.eclipse.equinox.preferences' version='3.9.100.v20211021-1418'>
      <properties size='1'>
        <property name='download.size' value='139561'/>
      </properties>
    </artifact>
    <artifact classifier='osgi.bundle' id='org.eclipse.core.filesystem' version='1.9.300.v20220121-1426'>
      <properties size='1'>
        <property name='download.size' value='71481'/>
      </properties>
    </artifact>
    <artifact classifier='osgi.bundle' id='org.eclipse.equinox.registry' version='3.11.100.v20211021-1418'>
      <properties size='1'>
        <property name='download.size' value='199070'/>
      </properties>
    </artifact>
    <artifact classifier='osgi.bundle' id='org.eclipse.draw2d' version='3.10.100.201606061308'>
      <properties size='1'>
        <property name='download.size' value='616652'/>
      </properties>
    </artifact>
    <artifact classifier='osgi.bundle' id='org.eclipse.e4.ui.css.core' version='0.13.200.v20211022-1402'>
      <properties size='1'>
        <property name='download.size' value='219020'/>
      </properties>
    </artifact>
    <artifact classifier='osgi.bundle' id='org.eclipse.ui.workbench.texteditor' version='3.16.400.v20220218-1619'>
      <properties size='1'>
        <property name='download.size' value='691047'/>
      </properties>
    </artifact>
    <artifact classifier='osgi.bundle' id='org.eclipse.update.configurator' version='3.4.800.v20210415-1314'>
      <properties size='1'>
        <property name='download.size' value='96319'/>
      </properties>
    </artifact>
    <artifact classifier='osgi.bundle' id='org.eclipse.ui.console' version='3.11.100.v20210721-1355'>
      <properties size='1'>
        <property name='download.size' value='214635'/>
      </properties>
    </artifact>
    <artifact classifier='osgi.bundle' id='org.w3c.css.sac' version='1.3.1.v200903091627'>
      <properties size='1'>
        <property name='download.size' value='36448'/>
      </properties>
    </artifact>
    <artifact classifier='osgi.bundle' id='org.apache.batik.css' version='1.14.0.v20210324-0332'>
      <properties size='1'>
        <property name='download.size' value='362073'/>
      </properties>
    </artifact>
    <artifact classifier='osgi.bundle' id='org.eclipse.ui.themes' version='1.2.1700.v20220210-1145'>
      <properties size='1'>
        <property name='download.size' value='38613'/>
      </properties>
      <repositoryProperties size='1'>
        <property name='artifact.folder' value='true'/>
      </repositoryProperties>
    </artifact>
    <artifact classifier='osgi.bundle' id='org.apache.httpcomponents.httpclient' version='4.5.13.v20210128-2225'>
      <properties size='1'>
        <property name='download.size' value='1045967'/>
      </properties>
    </artifact>
    <artifact classifier='osgi.bundle' id='org.eclipse.e4.ui.swt.win32' version='1.1.0.v20201119-1132'>
      <properties size='1'>
        <property name='download.size' value='10500'/>
      </properties>
    </artifact>
  </artifacts>
</repository>
